id,clientid,pid,pnme,value,trsdate,value2
551026,test001,TEC-AC,Accessories,1231.9505,1/1/2017,1231.9505
551331,test001,TEC-AC,Accessories,763.1255,2/1/2017,763.1255
551243,test001,TEC-AC,Accessories,909.8473,3/1/2017,909.8473
551463,test001,TEC-AC,Accessories,2418.6905,4/1/2017,2418.6905
550954,test001,TEC-AC,Accessories,660.7155,5/1/2017,660.7155
551020,test001,TEC-AC,Accessories,633.688,6/1/2017,633.688
551159,test001,TEC-AC,Accessories,3163.3974,7/1/2017,3163.3974
550992,test001,TEC-AC,Accessories,2839.9813,8/1/2017,2839.9813
550858,test001,TEC-AC,Accessories,1324.1081,9/1/2017,1324.1081
550984,test001,TEC-AC,Accessories,2472.0995,10/1/2017,2472.0995
551007,test001,TEC-AC,Accessories,2500.5558,11/1/2017,2500.5558
551361,test001,TEC-AC,Accessories,4930.5038,12/1/2017,4930.5038
550905,test001,TEC-AC,Accessories,388.3448,1/1/2018,388.3448
550876,test001,TEC-AC,Accessories,1377.5817,2/1/2018,1377.5817
551086,test001,TEC-AC,Accessories,1234.4015,3/1/2018,1234.4015
551362,test001,TEC-AC,Accessories,1471.4873,4/1/2018,1471.4873
551458,test001,TEC-AC,Accessories,1138.1532,5/1/2018,1138.1532
551028,test001,TEC-AC,Accessories,1667.4039,6/1/2018,1667.4039
551507,test001,TEC-AC,Accessories,4963.731,7/1/2018,4963.731
551008,test001,TEC-AC,Accessories,1113.8503,8/1/2018,1113.8503
551517,test001,TEC-AC,Accessories,5536.8261,9/1/2018,5536.8261
551153,test001,TEC-AC,Accessories,4043.0765,10/1/2018,4043.0765
550887,test001,TEC-AC,Accessories,4154.8269,11/1/2018,4154.8269
551023,test001,TEC-AC,Accessories,11322.974,12/1/2018,11322.974
550958,test001,TEC-AC,Accessories,1924.4511,1/1/2019,1924.4511
550829,test001,TEC-AC,Accessories,342.9785,2/1/2019,342.9785
551504,test001,TEC-AC,Accessories,2378.9501,3/1/2019,2378.9501
551169,test001,TEC-AC,Accessories,1535.6332,4/1/2019,1535.6332
551098,test001,TEC-AC,Accessories,3770.3163,5/1/2019,3770.3163
551213,test001,TEC-AC,Accessories,1584.7786,6/1/2019,1584.7786
551155,test001,TEC-AC,Accessories,1114.4697,7/1/2019,1114.4697
550810,test001,TEC-AC,Accessories,4419.8636,8/1/2019,4419.8636
550793,test001,TEC-AC,Accessories,6335.0465,9/1/2019,6335.0465
551471,test001,TEC-AC,Accessories,3317.1264,10/1/2019,3317.1264
551201,test001,TEC-AC,Accessories,7612.6008,11/1/2019,7612.6008
551421,test001,TEC-AC,Accessories,7721.6437,12/1/2019,7721.6437
551094,test001,TEC-AC,Accessories,4039.229,1/1/2020,4039.229
550863,test001,TEC-AC,Accessories,5542.509,2/1/2020,5542.509
551329,test001,TEC-AC,Accessories,7281.4308,3/1/2020,7281.4308
550944,test001,TEC-AC,Accessories,3782.3148,4/1/2020,3782.3148
551464,test001,TEC-AC,Accessories,6965.78,5/1/2020,6965.78
551006,test001,TEC-AC,Accessories,8977.4506,6/1/2020,8977.4506
550957,test001,TEC-AC,Accessories,14418.644,7/1/2020,14418.644
550869,test001,TEC-AC,Accessories,13978.4102,8/1/2020,13978.4102
551249,test001,TEC-AC,Accessories,14129.4792,9/1/2020,14129.4792
551832,test001,TEC-AC,Accessories,7535.16651,10/1/2020,-2133.525169
551833,test001,TEC-AC,Accessories,7546.827407,11/1/2020,-2133.525169
551834,test001,TEC-AC,Accessories,8813.068261,12/1/2020,-1812.918793
551835,test001,TEC-AC,Accessories,6923.342758,1/1/2021,-2387.326711
551836,test001,TEC-AC,Accessories,7418.803312,2/1/2021,-2269.046564
551837,test001,TEC-AC,Accessories,7405.422551,3/1/2021,-2298.596864
551838,test001,TEC-AC,Accessories,6748.809474,4/1/2021,-2435.332035
551839,test001,TEC-AC,Accessories,6939.587993,5/1/2021,-2438.380217
551840,test001,TEC-AC,Accessories,7060.143273,6/1/2021,-2436.576547
551841,test001,TEC-AC,Accessories,7386.222799,7/1/2021,-2435.914119
551842,test001,TEC-AC,Accessories,7359.840493,8/1/2021,-2437.193457
551843,test001,TEC-AC,Accessories,7368.893747,9/1/2021,-2436.882179
551844,test001,TEC-AC,Accessories,7425.277181,10/1/2021,-2436.619206
551845,test001,TEC-AC,Accessories,7426.674808,11/1/2021,-2436.619206
551846,test001,TEC-AC,Accessories,8639.951758,12/1/2021,-454.8822208
551847,test001,TEC-AC,Accessories,8301.895423,1/1/2022,-4005.42114
551848,test001,TEC-AC,Accessories,8714.82181,2/1/2022,-3274.306099
551849,test001,TEC-AC,Accessories,9122.178986,3/1/2022,-3456.962865
551850,test001,TEC-AC,Accessories,8220.555307,4/1/2022,-4302.152375
551851,test001,TEC-AC,Accessories,8992.11098,5/1/2022,-4320.993839
551852,test001,TEC-AC,Accessories,9479.666447,6/1/2022,-4309.844966
551853,test001,TEC-AC,Accessories,10798.41296,7/1/2022,-4305.750358
551854,test001,TEC-AC,Accessories,10691.71637,8/1/2022,-4313.658225
551855,test001,TEC-AC,Accessories,10728.32998,9/1/2022,-4311.734149
551282,test001,OFF-AP,Appliances,296.951,1/1/2017,296.951
550960,test001,OFF-AP,Appliances,85.424,2/1/2017,85.424
551308,test001,OFF-AP,Appliances,624.9689,3/1/2017,624.9689
551276,test001,OFF-AP,Appliances,383.6252,4/1/2017,383.6252
551376,test001,OFF-AP,Appliances,2338.1685,5/1/2017,2338.1685
550851,test001,OFF-AP,Appliances,671.1522,6/1/2017,671.1522
551054,test001,OFF-AP,Appliances,137.427,7/1/2017,137.427
551128,test001,OFF-AP,Appliances,1951.04635,8/1/2017,1951.04635
551400,test001,OFF-AP,Appliances,2273.6958,9/1/2017,2273.6958
550996,test001,OFF-AP,Appliances,988.8094,10/1/2017,988.8094
551340,test001,OFF-AP,Appliances,1924.8577,11/1/2017,1924.8577
551024,test001,OFF-AP,Appliances,2871.8177,12/1/2017,2871.8177
551154,test001,OFF-AP,Appliances,238.26,1/1/2018,238.26
551077,test001,OFF-AP,Appliances,543.2784,2/1/2018,543.2784
551452,test001,OFF-AP,Appliances,1262.8578,3/1/2018,1262.8578
550825,test001,OFF-AP,Appliances,4107.2604,4/1/2018,4107.2604
551399,test001,OFF-AP,Appliances,2006.3753,5/1/2018,2006.3753
550791,test001,OFF-AP,Appliances,167.1164,6/1/2018,167.1164
551335,test001,OFF-AP,Appliances,111.6934,7/1/2018,111.6934
551252,test001,OFF-AP,Appliances,955.225,8/1/2018,955.225
550847,test001,OFF-AP,Appliances,2057.4454,9/1/2018,2057.4454
550903,test001,OFF-AP,Appliances,2495.20065,10/1/2018,2495.20065
551214,test001,OFF-AP,Appliances,6093.5337,11/1/2018,6093.5337
551508,test001,OFF-AP,Appliances,2040.9781,12/1/2018,2040.9781
550963,test001,OFF-AP,Appliances,61.6208,1/1/2019,61.6208
551411,test001,OFF-AP,Appliances,715.6008,2/1/2019,715.6008
551334,test001,OFF-AP,Appliances,2362.1864,3/1/2019,2362.1864
551050,test001,OFF-AP,Appliances,454.3584,4/1/2019,454.3584
551455,test001,OFF-AP,Appliances,1821.7846,5/1/2019,1821.7846
551300,test001,OFF-AP,Appliances,1806.2939,6/1/2019,1806.2939
551436,test001,OFF-AP,Appliances,2305.2282,7/1/2019,2305.2282
551047,test001,OFF-AP,Appliances,3026.282,8/1/2019,3026.282
551009,test001,OFF-AP,Appliances,2042.1884,9/1/2019,2042.1884
550883,test001,OFF-AP,Appliances,2808.6465,10/1/2019,2808.6465
551275,test001,OFF-AP,Appliances,5696.4014,11/1/2019,5696.4014
551117,test001,OFF-AP,Appliances,1989.25155,12/1/2019,1989.25155
551511,test001,OFF-AP,Appliances,4812.2744,1/1/2020,4812.2744
551512,test001,OFF-AP,Appliances,6690.8158,2/1/2020,6690.8158
551102,test001,OFF-AP,Appliances,4739.4018,3/1/2020,4739.4018
551451,test001,OFF-AP,Appliances,1186.2802,4/1/2020,1186.2802
550828,test001,OFF-AP,Appliances,9500.7448,5/1/2020,9500.7448
550951,test001,OFF-AP,Appliances,1400.3836,6/1/2020,1400.3836
550838,test001,OFF-AP,Appliances,2300.0678,7/1/2020,2300.0678
551432,test001,OFF-AP,Appliances,14213.6986,8/1/2020,14213.6986
551345,test001,OFF-AP,Appliances,5611.2928,9/1/2020,5611.2928
551616,test001,OFF-AP,Appliances,3238.55754,10/1/2020,992.6294467
551617,test001,OFF-AP,Appliances,3464.392823,11/1/2020,1293.431388
551618,test001,OFF-AP,Appliances,3785.076344,12/1/2020,2670.187333
551619,test001,OFF-AP,Appliances,3900.73394,1/1/2021,476.5047875
551620,test001,OFF-AP,Appliances,4196.828545,2/1/2021,366.8298763
551621,test001,OFF-AP,Appliances,4121.840359,3/1/2021,1128.365462
551622,test001,OFF-AP,Appliances,3349.55283,4/1/2021,570.0490702
551623,test001,OFF-AP,Appliances,4881.285589,5/1/2021,702.5520774
551624,test001,OFF-AP,Appliances,3428.637464,6/1/2021,499.2837394
551625,test001,OFF-AP,Appliances,3478.927224,7/1/2021,161.1643806
551626,test001,OFF-AP,Appliances,5527.578581,8/1/2021,631.0065552
551627,test001,OFF-AP,Appliances,4344.928846,9/1/2021,1087.538544
551628,test001,OFF-AP,Appliances,4252.06619,10/1/2021,609.4250709
551629,test001,OFF-AP,Appliances,4477.901473,11/1/2021,690.7976183
551630,test001,OFF-AP,Appliances,4798.584993,12/1/2021,1063.138718
551631,test001,OFF-AP,Appliances,4914.24259,1/1/2022,455.4987224
551632,test001,OFF-AP,Appliances,5210.337195,2/1/2022,426.1107966
551633,test001,OFF-AP,Appliances,5135.349008,3/1/2022,638.3674554
551634,test001,OFF-AP,Appliances,4363.061479,4/1/2022,493.2237095
551635,test001,OFF-AP,Appliances,5894.794238,5/1/2022,541.3243297
551636,test001,OFF-AP,Appliances,4442.146114,6/1/2022,475.9382003
551637,test001,OFF-AP,Appliances,4492.435873,7/1/2022,366.5866436
551638,test001,OFF-AP,Appliances,6541.087231,8/1/2022,516.6179848
551639,test001,OFF-AP,Appliances,5358.437496,9/1/2022,661.2737128
550974,test001,OFF-AR,Art,168.1405,1/1/2017,168.1405
551126,test001,OFF-AR,Art,69.9808,2/1/2017,69.9808
551373,test001,OFF-AR,Art,392.6046,3/1/2017,392.6046
551228,test001,OFF-AR,Art,539.5202,4/1/2017,539.5202
551143,test001,OFF-AR,Art,556.681,5/1/2017,556.681
550908,test001,OFF-AR,Art,374.2354,6/1/2017,374.2354
551323,test001,OFF-AR,Art,237.937,7/1/2017,237.937
551132,test001,OFF-AR,Art,319.7624,8/1/2017,319.7624
551456,test001,OFF-AR,Art,595.5835,9/1/2017,595.5835
551104,test001,OFF-AR,Art,581.9833,10/1/2017,581.9833
551434,test001,OFF-AR,Art,586.7504,11/1/2017,586.7504
551049,test001,OFF-AR,Art,1341.2518,12/1/2017,1341.2518
551134,test001,OFF-AR,Art,132.5288,1/1/2018,132.5288
551289,test001,OFF-AR,Art,454.8049,2/1/2018,454.8049
551337,test001,OFF-AR,Art,68.5026,3/1/2018,68.5026
551199,test001,OFF-AR,Art,617.4411,4/1/2018,617.4411
551152,test001,OFF-AR,Art,497.4352,5/1/2018,497.4352
551194,test001,OFF-AR,Art,374.6021,6/1/2018,374.6021
550938,test001,OFF-AR,Art,228.7904,7/1/2018,228.7904
551353,test001,OFF-AR,Art,375.6471,8/1/2018,375.6471
550980,test001,OFF-AR,Art,1064.5396,9/1/2018,1064.5396
551158,test001,OFF-AR,Art,267.0735,10/1/2018,267.0735
550900,test001,OFF-AR,Art,984.4983,11/1/2018,984.4983
551082,test001,OFF-AR,Art,849.7807,12/1/2018,849.7807
550902,test001,OFF-AR,Art,146.0207,1/1/2019,146.0207
551034,test001,OFF-AR,Art,364.1008,2/1/2019,364.1008
551280,test001,OFF-AR,Art,722.7467,3/1/2019,722.7467
551146,test001,OFF-AR,Art,287.9602,4/1/2019,287.9602
551386,test001,OFF-AR,Art,565.3754,5/1/2019,565.3754
551064,test001,OFF-AR,Art,112.2577,6/1/2019,112.2577
551030,test001,OFF-AR,Art,673.5025,7/1/2019,673.5025
551118,test001,OFF-AR,Art,345.2623,8/1/2019,345.2623
550850,test001,OFF-AR,Art,786.8698,9/1/2019,786.8698
551475,test001,OFF-AR,Art,401.9127,10/1/2019,401.9127
551312,test001,OFF-AR,Art,906.7427,11/1/2019,906.7427
550811,test001,OFF-AR,Art,553.0919,12/1/2019,553.0919
551184,test001,OFF-AR,Art,801.0286,1/1/2020,801.0286
550941,test001,OFF-AR,Art,583.0188,2/1/2020,583.0188
550926,test001,OFF-AR,Art,747.9996,3/1/2020,747.9996
551357,test001,OFF-AR,Art,1266.7186,4/1/2020,1266.7186
551295,test001,OFF-AR,Art,1102.9082,5/1/2020,1102.9082
551428,test001,OFF-AR,Art,1936.29,6/1/2020,1936.29
551251,test001,OFF-AR,Art,1646.9922,7/1/2020,1646.9922
550831,test001,OFF-AR,Art,1490.417,8/1/2020,1490.417
550897,test001,OFF-AR,Art,1758.9744,9/1/2020,1758.9744
551640,test001,OFF-AR,Art,815.3192915,10/1/2020,-794.1460224
551641,test001,OFF-AR,Art,845.9832798,11/1/2020,-797.0682617
551642,test001,OFF-AR,Art,1022.211446,12/1/2020,-1126.761983
551643,test001,OFF-AR,Art,1238.846599,1/1/2021,-912.5591543
551644,test001,OFF-AR,Art,1126.495429,2/1/2021,-513.351211
551645,test001,OFF-AR,Art,1210.584915,3/1/2021,-933.7030909
551646,test001,OFF-AR,Art,1469.180258,4/1/2021,-936.4785646
551647,test001,OFF-AR,Art,1387.640226,5/1/2021,-933.0584115
551648,test001,OFF-AR,Art,1804.156623,6/1/2021,-934.4908859
551649,test001,OFF-AR,Art,1659.591113,7/1/2021,-933.8909177
551650,test001,OFF-AR,Art,1581.263663,8/1/2021,-934.1422045
551651,test001,OFF-AR,Art,1715.561406,9/1/2021,-934.0369572
551652,test001,OFF-AR,Art,1651.384398,10/1/2021,-989.9617251
551653,test001,OFF-AR,Art,1682.052735,11/1/2021,-991.9950395
551654,test001,OFF-AR,Art,1858.278823,12/1/2021,-1046.322664
551655,test001,OFF-AR,Art,2074.914968,1/1/2022,-1591.621837
551656,test001,OFF-AR,Art,1962.563324,2/1/2022,-527.2119205
551657,test001,OFF-AR,Art,2046.653036,3/1/2022,-1690.209291
551658,test001,OFF-AR,Art,2305.248271,4/1/2022,-1746.883973
551659,test001,OFF-AR,Art,2223.708292,5/1/2022,-1739.99585
551660,test001,OFF-AR,Art,2640.224663,6/1/2022,-1742.880826
551661,test001,OFF-AR,Art,2495.659165,7/1/2022,-1741.672502
551662,test001,OFF-AR,Art,2417.33171,8/1/2022,-1742.178589
551663,test001,OFF-AR,Art,2551.629456,9/1/2022,-1741.966623
550836,test001,OFF-BI,Binders,791.2018,1/1/2017,791.2018
551487,test001,OFF-BI,Binders,304.8797,2/1/2017,304.8797
551472,test001,OFF-BI,Binders,1471.55285,3/1/2017,1471.55285
551480,test001,OFF-BI,Binders,914.3028,4/1/2017,914.3028
551236,test001,OFF-BI,Binders,4385.3444,5/1/2017,4385.3444
551103,test001,OFF-BI,Binders,3854.19655,6/1/2017,3854.19655
551439,test001,OFF-BI,Binders,2808.048,7/1/2017,2808.048
551454,test001,OFF-BI,Binders,5724.99165,8/1/2017,5724.99165
550816,test001,OFF-BI,Binders,10376.1318,9/1/2017,10376.1318
551450,test001,OFF-BI,Binders,498.7101,10/1/2017,498.7101
551160,test001,OFF-BI,Binders,6026.9767,11/1/2017,6026.9767
551037,test001,OFF-BI,Binders,4157.5154,12/1/2017,4157.5154
551174,test001,OFF-BI,Binders,196.2453,1/1/2018,196.2453
551221,test001,OFF-BI,Binders,2591.59525,2/1/2018,2591.59525
550819,test001,OFF-BI,Binders,7926.83135,3/1/2018,7926.83135
551374,test001,OFF-BI,Binders,4487.2756,4/1/2018,4487.2756
551384,test001,OFF-BI,Binders,1035.1846,5/1/2018,1035.1846
551012,test001,OFF-BI,Binders,5128.81535,6/1/2018,5128.81535
550884,test001,OFF-BI,Binders,1138.83245,7/1/2018,1138.83245
551017,test001,OFF-BI,Binders,2246.4403,8/1/2018,2246.4403
550952,test001,OFF-BI,Binders,2773.29605,9/1/2018,2773.29605
551139,test001,OFF-BI,Binders,694.55355,10/1/2018,694.55355
550813,test001,OFF-BI,Binders,2903.1924,11/1/2018,2903.1924
551462,test001,OFF-BI,Binders,4458.1809,12/1/2018,4458.1809
551431,test001,OFF-BI,Binders,1703.0612,1/1/2019,1703.0612
551080,test001,OFF-BI,Binders,537.0559,2/1/2019,537.0559
551058,test001,OFF-BI,Binders,1141.82305,3/1/2019,1141.82305
551021,test001,OFF-BI,Binders,2591.55915,4/1/2019,2591.55915
550835,test001,OFF-BI,Binders,1105.1711,5/1/2019,1105.1711
551336,test001,OFF-BI,Binders,811.0093,6/1/2019,811.0093
551393,test001,OFF-BI,Binders,1786.8911,7/1/2019,1786.8911
551491,test001,OFF-BI,Binders,5231.0002,8/1/2019,5231.0002
550987,test001,OFF-BI,Binders,4889.6614,9/1/2019,4889.6614
551367,test001,OFF-BI,Binders,6355.0136,10/1/2019,6355.0136
551267,test001,OFF-BI,Binders,4766.6041,11/1/2019,4766.6041
550832,test001,OFF-BI,Binders,28225.1517,12/1/2019,28225.1517
551162,test001,OFF-BI,Binders,17884.7095,1/1/2020,17884.7095
550953,test001,OFF-BI,Binders,1454.7844,2/1/2020,1454.7844
551070,test001,OFF-BI,Binders,5259.6066,3/1/2020,5259.6066
550893,test001,OFF-BI,Binders,9108.2865,4/1/2020,9108.2865
551193,test001,OFF-BI,Binders,5707.0338,5/1/2020,5707.0338
551039,test001,OFF-BI,Binders,4801.6515,6/1/2020,4801.6515
551488,test001,OFF-BI,Binders,4467.3978,7/1/2020,4467.3978
551461,test001,OFF-BI,Binders,27763.294,8/1/2020,27763.294
551519,test001,OFF-BI,Binders,19964.0733,9/1/2020,19964.0733
551664,test001,OFF-BI,Binders,7220.520771,10/1/2020,7220.520771
551665,test001,OFF-BI,Binders,8247.161808,11/1/2020,8247.161808
551666,test001,OFF-BI,Binders,12656.95419,12/1/2020,12656.95419
551667,test001,OFF-BI,Binders,10926.67633,1/1/2021,10926.67633
551668,test001,OFF-BI,Binders,8049.310291,2/1/2021,8049.310291
551669,test001,OFF-BI,Binders,9781.334966,3/1/2021,9781.334966
551670,test001,OFF-BI,Binders,9196.150335,4/1/2021,9196.150335
551671,test001,OFF-BI,Binders,8926.957624,5/1/2021,8926.957624
551672,test001,OFF-BI,Binders,8693.988194,6/1/2021,8693.988194
551673,test001,OFF-BI,Binders,8517.364652,7/1/2021,8517.364652
551674,test001,OFF-BI,Binders,13403.07869,8/1/2021,13403.07869
551675,test001,OFF-BI,Binders,12411.44892,9/1/2021,12411.44892
551676,test001,OFF-BI,Binders,10214.22189,10/1/2021,10214.22189
551677,test001,OFF-BI,Binders,11240.86293,11/1/2021,11240.86293
551678,test001,OFF-BI,Binders,15650.65531,12/1/2021,15650.65531
551679,test001,OFF-BI,Binders,13920.37745,1/1/2022,13920.37745
551680,test001,OFF-BI,Binders,11043.01141,2/1/2022,11043.01141
551681,test001,OFF-BI,Binders,12775.03608,3/1/2022,12775.03608
551682,test001,OFF-BI,Binders,12189.85145,4/1/2022,12189.85145
551683,test001,OFF-BI,Binders,11920.65874,5/1/2022,11920.65874
551684,test001,OFF-BI,Binders,11687.68931,6/1/2022,11687.68931
551685,test001,OFF-BI,Binders,11511.06577,7/1/2022,11511.06577
551686,test001,OFF-BI,Binders,16396.77981,8/1/2022,16396.77981
551687,test001,OFF-BI,Binders,15405.15004,9/1/2022,15405.15004
551131,test001,FUR-BO,Bookcases,959.55225,1/1/2017,959.55225
551229,test001,FUR-BO,Bookcases,1621.1237,3/1/2017,1621.1237
551200,test001,FUR-BO,Bookcases,293.07405,4/1/2017,293.07405
550856,test001,FUR-BO,Bookcases,608.59945,5/1/2017,608.59945
551171,test001,FUR-BO,Bookcases,721.59492,6/1/2017,721.59492
551388,test001,FUR-BO,Bookcases,1413.28935,7/1/2017,1413.28935
550991,test001,FUR-BO,Bookcases,754.5622,8/1/2017,754.5622
551346,test001,FUR-BO,Bookcases,2274.74631,9/1/2017,2274.74631
550931,test001,FUR-BO,Bookcases,586.1481,10/1/2017,586.1481
551440,test001,FUR-BO,Bookcases,7740.252015,11/1/2017,7740.252015
551303,test001,FUR-BO,Bookcases,2491.728875,12/1/2017,2491.728875
551369,test001,FUR-BO,Bookcases,1284.77772,1/1/2018,1284.77772
551112,test001,FUR-BO,Bookcases,1436.32248,2/1/2018,1436.32248
551179,test001,FUR-BO,Bookcases,1327.55242,3/1/2018,1327.55242
551413,test001,FUR-BO,Bookcases,831.9245,4/1/2018,831.9245
550824,test001,FUR-BO,Bookcases,1820.976625,5/1/2018,1820.976625
551204,test001,FUR-BO,Bookcases,458.793,6/1/2018,458.793
550785,test001,FUR-BO,Bookcases,2717.3648,7/1/2018,2717.3648
551210,test001,FUR-BO,Bookcases,3614.71599,8/1/2018,3614.71599
551494,test001,FUR-BO,Bookcases,10150.94855,9/1/2018,10150.94855
551036,test001,FUR-BO,Bookcases,2551.9565,10/1/2018,2551.9565
551320,test001,FUR-BO,Bookcases,7471.6037,11/1/2018,7471.6037
551351,test001,FUR-BO,Bookcases,2684.87309,12/1/2018,2684.87309
550827,test001,FUR-BO,Bookcases,1962.3162,1/1/2019,1962.3162
551176,test001,FUR-BO,Bookcases,227.981,2/1/2019,227.981
551149,test001,FUR-BO,Bookcases,1037.26225,3/1/2019,1037.26225
550972,test001,FUR-BO,Bookcases,1479.8796,4/1/2019,1479.8796
551278,test001,FUR-BO,Bookcases,2466.24085,6/1/2019,2466.24085
550792,test001,FUR-BO,Bookcases,2413.61845,7/1/2019,2413.61845
550918,test001,FUR-BO,Bookcases,534.10216,8/1/2019,534.10216
550805,test001,FUR-BO,Bookcases,6324.146105,9/1/2019,6324.146105
551091,test001,FUR-BO,Bookcases,1307.6256,10/1/2019,1307.6256
551490,test001,FUR-BO,Bookcases,5507.41106,11/1/2019,5507.41106
551433,test001,FUR-BO,Bookcases,1670.1703,12/1/2019,1670.1703
550783,test001,FUR-BO,Bookcases,566.048,1/1/2020,566.048
551468,test001,FUR-BO,Bookcases,2978.59846,2/1/2020,2978.59846
551165,test001,FUR-BO,Bookcases,3740.90392,3/1/2020,3740.90392
551354,test001,FUR-BO,Bookcases,3439.36404,4/1/2020,3439.36404
551263,test001,FUR-BO,Bookcases,6493.78428,5/1/2020,6493.78428
550913,test001,FUR-BO,Bookcases,10087.23813,6/1/2020,10087.23813
550865,test001,FUR-BO,Bookcases,3230.5225,7/1/2020,3230.5225
551271,test001,FUR-BO,Bookcases,874.1748,8/1/2020,874.1748
550837,test001,FUR-BO,Bookcases,6908.1264,9/1/2020,6908.1264
551520,test001,FUR-BO,Bookcases,1813.651407,10/1/2020,914.9749704
551521,test001,FUR-BO,Bookcases,6690.827268,11/1/2020,5219.886376
551522,test001,FUR-BO,Bookcases,3146.539673,12/1/2020,2088.028685
551523,test001,FUR-BO,Bookcases,2361.145566,1/1/2021,1390.979875
551524,test001,FUR-BO,Bookcases,2767.990068,2/1/2021,1719.191637
551525,test001,FUR-BO,Bookcases,2789.746535,3/1/2021,1728.633083
551526,test001,FUR-BO,Bookcases,1846.774804,4/1/2021,900.1667123
551527,test001,FUR-BO,Bookcases,2231.062476,5/1/2021,-44.14624883
551528,test001,FUR-BO,Bookcases,2683.167919,6/1/2021,18.34786841
551529,test001,FUR-BO,Bookcases,1820.499693,7/1/2021,879.6490598
551530,test001,FUR-BO,Bookcases,1524.039055,8/1/2021,648.1495056
551531,test001,FUR-BO,Bookcases,2283.192359,9/1/2021,1240.955527
551532,test001,FUR-BO,Bookcases,1870.420061,10/1/2021,742.0497051
551533,test001,FUR-BO,Bookcases,3097.650378,11/1/2021,1587.922384
551534,test001,FUR-BO,Bookcases,2214.761249,12/1/2021,999.641563
551535,test001,FUR-BO,Bookcases,2027.045667,1/1/2022,892.6856536
551536,test001,FUR-BO,Bookcases,2209.806884,2/1/2022,1200.565851
551537,test001,FUR-BO,Bookcases,2240.682014,3/1/2022,1279.326084
551538,test001,FUR-BO,Bookcases,1993.357094,4/1/2022,1086.119795
551539,test001,FUR-BO,Bookcases,2191.829998,5/1/2022,-69.11450005
551540,test001,FUR-BO,Bookcases,2425.32872,6/1/2022,7.338276136
551541,test001,FUR-BO,Bookcases,1979.786798,7/1/2022,1061.019328
551542,test001,FUR-BO,Bookcases,1826.673888,8/1/2022,777.8121341
551543,test001,FUR-BO,Bookcases,2218.753498,9/1/2022,1503.027051
550894,test001,FUR-CH,Chairs,3978.315,1/1/2017,3978.315
550921,test001,FUR-CH,Chairs,1562.1724,2/1/2017,1562.1724
550898,test001,FUR-CH,Chairs,4046.2476,3/1/2017,4046.2476
551430,test001,FUR-CH,Chairs,3050.1327,4/1/2017,3050.1327
551048,test001,FUR-CH,Chairs,5393.12055,5/1/2017,5393.12055
551043,test001,FUR-CH,Chairs,4231.43395,6/1/2017,4231.43395
551389,test001,FUR-CH,Chairs,6046.693,7/1/2017,6046.693
551327,test001,FUR-CH,Chairs,2460.7299,8/1/2017,2460.7299
550993,test001,FUR-CH,Chairs,13156.72575,9/1/2017,13156.72575
551355,test001,FUR-CH,Chairs,6162.27475,10/1/2017,6162.27475
551253,test001,FUR-CH,Chairs,11318.3114,11/1/2017,11318.3114
551466,test001,FUR-CH,Chairs,11973.3402,12/1/2017,11973.3402
551038,test001,FUR-CH,Chairs,3084.4543,1/1/2018,3084.4543
550892,test001,FUR-CH,Chairs,2184.6561,2/1/2018,2184.6561
550784,test001,FUR-CH,Chairs,3705.45695,3/1/2018,3705.45695
550923,test001,FUR-CH,Chairs,4058.03995,4/1/2018,4058.03995
551218,test001,FUR-CH,Chairs,5397.83635,5/1/2018,5397.83635
550818,test001,FUR-CH,Chairs,4492.0047,6/1/2018,4492.0047
551299,test001,FUR-CH,Chairs,6302.30285,7/1/2018,6302.30285
551120,test001,FUR-CH,Chairs,1319.3353,8/1/2018,1319.3353
551078,test001,FUR-CH,Chairs,8986.2248,9/1/2018,8986.2248
551130,test001,FUR-CH,Chairs,9848.9787,10/1/2018,9848.9787
550881,test001,FUR-CH,Chairs,13451.9392,11/1/2018,13451.9392
551366,test001,FUR-CH,Chairs,5316.57335,12/1/2018,5316.57335
550814,test001,FUR-CH,Chairs,1522.1128,1/1/2019,1522.1128
551092,test001,FUR-CH,Chairs,1639.1908,2/1/2019,1639.1908
550797,test001,FUR-CH,Chairs,6971.6035,3/1/2019,6971.6035
551284,test001,FUR-CH,Chairs,7246.144,4/1/2019,7246.144
551385,test001,FUR-CH,Chairs,7029.50315,5/1/2019,7029.50315
551423,test001,FUR-CH,Chairs,2503.022,6/1/2019,2503.022
551418,test001,FUR-CH,Chairs,5099.6969,7/1/2019,5099.6969
551427,test001,FUR-CH,Chairs,4646.9573,8/1/2019,4646.9573
550860,test001,FUR-CH,Chairs,10916.7236,9/1/2019,10916.7236
551481,test001,FUR-CH,Chairs,5430.22945,10/1/2019,5430.22945
551486,test001,FUR-CH,Chairs,13709.62005,11/1/2019,13709.62005
550867,test001,FUR-CH,Chairs,20124.8019,12/1/2019,20124.8019
551429,test001,FUR-CH,Chairs,3681.6433,1/1/2020,3681.6433
551492,test001,FUR-CH,Chairs,6749.0508,2/1/2020,6749.0508
551157,test001,FUR-CH,Chairs,10912.2054,3/1/2020,10912.2054
551187,test001,FUR-CH,Chairs,8901.2226,4/1/2020,8901.2226
551285,test001,FUR-CH,Chairs,15692.6149,5/1/2020,15692.6149
551499,test001,FUR-CH,Chairs,12480.7922,6/1/2020,12480.7922
550962,test001,FUR-CH,Chairs,7542.5212,7/1/2020,7542.5212
551444,test001,FUR-CH,Chairs,21689.754,8/1/2020,21689.754
551516,test001,FUR-CH,Chairs,29402.0877,9/1/2020,29402.0877
551544,test001,FUR-CH,Chairs,11856.11779,10/1/2020,11856.11779
551545,test001,FUR-CH,Chairs,14131.66331,11/1/2020,14131.66331
551546,test001,FUR-CH,Chairs,15518.31774,12/1/2020,15518.31774
551547,test001,FUR-CH,Chairs,10456.76521,1/1/2021,10456.76521
551548,test001,FUR-CH,Chairs,10255.60351,2/1/2021,10255.60351
551549,test001,FUR-CH,Chairs,10578.14701,3/1/2021,10578.14701
551550,test001,FUR-CH,Chairs,9346.475947,4/1/2021,9346.475947
551551,test001,FUR-CH,Chairs,9831.537493,5/1/2021,9831.537493
551552,test001,FUR-CH,Chairs,9602.07242,6/1/2021,9602.07242
551553,test001,FUR-CH,Chairs,9248.395498,7/1/2021,9248.395498
551554,test001,FUR-CH,Chairs,10261.16535,8/1/2021,10261.16535
551555,test001,FUR-CH,Chairs,10813.20275,9/1/2021,10813.20275
551556,test001,FUR-CH,Chairs,10405.92148,10/1/2021,10405.92148
551557,test001,FUR-CH,Chairs,10731.69484,11/1/2021,10731.69484
551558,test001,FUR-CH,Chairs,13467.22881,12/1/2021,13467.22881
551559,test001,FUR-CH,Chairs,10890.18783,1/1/2022,10890.18783
551560,test001,FUR-CH,Chairs,11431.77923,2/1/2022,11431.77923
551561,test001,FUR-CH,Chairs,12252.10269,3/1/2022,12252.10269
551562,test001,FUR-CH,Chairs,11701.82436,4/1/2022,11701.82436
551563,test001,FUR-CH,Chairs,13034.14073,5/1/2022,13034.14073
551564,test001,FUR-CH,Chairs,12404.04472,6/1/2022,12404.04472
551565,test001,FUR-CH,Chairs,11435.1295,7/1/2022,11435.1295
551566,test001,FUR-CH,Chairs,14210.82805,8/1/2022,14210.82805
551567,test001,FUR-CH,Chairs,15723.98389,9/1/2022,15723.98389
551274,test001,TEC-CO,Copiers,455.9848,4/1/2017,455.9848
550927,test001,TEC-CO,Copiers,2393.9487,5/1/2017,2393.9487
551072,test001,TEC-CO,Copiers,531.9924,7/1/2017,531.9924
550975,test001,TEC-CO,Copiers,1662.4677,8/1/2017,1662.4677
551045,test001,TEC-CO,Copiers,1709.9715,9/1/2017,1709.9715
551397,test001,TEC-CO,Copiers,1899.962,10/1/2017,1899.962
550796,test001,TEC-CO,Copiers,626.9886,11/1/2017,626.9886
551448,test001,TEC-CO,Copiers,1025.9772,12/1/2017,1025.9772
550841,test001,TEC-CO,Copiers,4056.4183,3/1/2018,4056.4183
550946,test001,TEC-CO,Copiers,2545.9202,4/1/2018,2545.9202
551409,test001,TEC-CO,Copiers,2659.9468,5/1/2018,2659.9468
550866,test001,TEC-CO,Copiers,854.9715,6/1/2018,854.9715
550822,test001,TEC-CO,Copiers,3571.9468,8/1/2018,3571.9468
550937,test001,TEC-CO,Copiers,1291.9696,9/1/2018,1291.9696
550922,test001,TEC-CO,Copiers,873.9696,10/1/2018,873.9696
550981,test001,TEC-CO,Copiers,1510.4734,11/1/2018,1510.4734
551114,test001,TEC-CO,Copiers,7504.8613,12/1/2018,7504.8613
550901,test001,TEC-CO,Copiers,911.9696,1/1/2019,911.9696
551321,test001,TEC-CO,Copiers,1139.9772,4/1/2019,1139.9772
551406,test001,TEC-CO,Copiers,8777.9658,5/1/2019,8777.9658
550830,test001,TEC-CO,Copiers,1424.9525,6/1/2019,1424.9525
550872,test001,TEC-CO,Copiers,4027.9392,7/1/2019,4027.9392
550846,test001,TEC-CO,Copiers,5585.8442,9/1/2019,5585.8442
551419,test001,TEC-CO,Copiers,21754.867,10/1/2019,21754.867
551449,test001,TEC-CO,Copiers,1139.9772,11/1/2019,1139.9772
551061,test001,TEC-CO,Copiers,4255.9088,12/1/2019,4255.9088
551416,test001,TEC-CO,Copiers,5699.905,1/1/2020,5699.905
551014,test001,TEC-CO,Copiers,40507.6618,3/1/2020,40507.6618
550812,test001,TEC-CO,Copiers,6383.9088,5/1/2020,6383.9088
551412,test001,TEC-CO,Copiers,6611.8366,7/1/2020,6611.8366
550920,test001,TEC-CO,Copiers,2241.9506,8/1/2020,2241.9506
551309,test001,TEC-CO,Copiers,607.9696,9/1/2020,607.9696
551856,test001,TEC-CO,Copiers,1784.020035,10/1/2020,1163.064258
551857,test001,TEC-CO,Copiers,1784.020035,11/1/2020,127.4193026
551858,test001,TEC-CO,Copiers,1784.021484,12/1/2020,262.8385749
551859,test001,TEC-CO,Copiers,1784.022208,1/1/2021,-461.5378123
551860,test001,TEC-CO,Copiers,1784.020035,2/1/2021,-382.6758658
551861,test001,TEC-CO,Copiers,1784.035478,3/1/2021,2735.882627
551862,test001,TEC-CO,Copiers,1784.020035,4/1/2021,-382.6758658
551863,test001,TEC-CO,Copiers,1784.022469,5/1/2021,-700.505746
551864,test001,TEC-CO,Copiers,1784.020035,6/1/2021,-382.6758658
551865,test001,TEC-CO,Copiers,1784.022556,7/1/2021,-409.7002165
551866,test001,TEC-CO,Copiers,1784.02089,8/1/2021,-494.2938279
551867,test001,TEC-CO,Copiers,1784.020267,9/1/2021,-412.9442972
551868,test001,TEC-CO,Copiers,1784.021395,10/1/2021,-498.4847176
551869,test001,TEC-CO,Copiers,1784.021395,11/1/2021,-395.3632844
551870,test001,TEC-CO,Copiers,3683.981947,12/1/2021,134.5579697
551871,test001,TEC-CO,Copiers,4633.971722,1/1/2022,-110.1985945
551872,test001,TEC-CO,Copiers,1784.021395,2/1/2022,-344.571993
551873,test001,TEC-CO,Copiers,22037.83685,3/1/2022,-133.4815983
551874,test001,TEC-CO,Copiers,1784.021395,4/1/2022,-344.571993
551875,test001,TEC-CO,Copiers,4975.973361,5/1/2022,600.0010555
551876,test001,TEC-CO,Copiers,1784.021395,6/1/2022,-344.571993
551877,test001,TEC-CO,Copiers,5089.937175,7/1/2022,-264.2570985
551878,test001,TEC-CO,Copiers,2904.99584,8/1/2022,-12.8495046
551879,test001,TEC-CO,Copiers,2088.005963,9/1/2022,-254.6158679
551001,test001,OFF-EN,Envelopes,184.642,1/1/2017,184.642
551161,test001,OFF-EN,Envelopes,10.792,2/1/2017,10.792
551044,test001,OFF-EN,Envelopes,324.748,3/1/2017,324.748
551498,test001,OFF-EN,Envelopes,387.9344,4/1/2017,387.9344
551365,test001,OFF-EN,Envelopes,203.4843,5/1/2017,203.4843
551264,test001,OFF-EN,Envelopes,90.782,6/1/2017,90.782
551465,test001,OFF-EN,Envelopes,130.0208,7/1/2017,130.0208
551066,test001,OFF-EN,Envelopes,193.1654,8/1/2017,193.1654
551380,test001,OFF-EN,Envelopes,374.433,9/1/2017,374.433
550794,test001,OFF-EN,Envelopes,311.3568,10/1/2017,311.3568
550925,test001,OFF-EN,Envelopes,1009.679,11/1/2017,1009.679
551402,test001,OFF-EN,Envelopes,441.9248,12/1/2017,441.9248
550983,test001,OFF-EN,Envelopes,16.606,1/1/2018,16.606
551075,test001,OFF-EN,Envelopes,463.1725,2/1/2018,463.1725
551004,test001,OFF-EN,Envelopes,87.7021,3/1/2018,87.7021
551181,test001,OFF-EN,Envelopes,192.185,4/1/2018,192.185
551151,test001,OFF-EN,Envelopes,396.9461,5/1/2018,396.9461
551453,test001,OFF-EN,Envelopes,210.5675,6/1/2018,210.5675
551059,test001,OFF-EN,Envelopes,484.804,7/1/2018,484.804
551375,test001,OFF-EN,Envelopes,685.463,9/1/2018,685.463
551074,test001,OFF-EN,Envelopes,384.4878,10/1/2018,384.4878
551018,test001,OFF-EN,Envelopes,492.2102,11/1/2018,492.2102
550940,test001,OFF-EN,Envelopes,872.4344,12/1/2018,872.4344
550857,test001,OFF-EN,Envelopes,206.701,1/1/2019,206.701
550788,test001,OFF-EN,Envelopes,258.6432,2/1/2019,258.6432
551241,test001,OFF-EN,Envelopes,562.4988,3/1/2019,562.4988
551484,test001,OFF-EN,Envelopes,168.1899,4/1/2019,168.1899
550929,test001,OFF-EN,Envelopes,118.5087,5/1/2019,118.5087
551033,test001,OFF-EN,Envelopes,109.269,6/1/2019,109.269
550971,test001,OFF-EN,Envelopes,470.2462,7/1/2019,470.2462
551372,test001,OFF-EN,Envelopes,377.3856,8/1/2019,377.3856
551294,test001,OFF-EN,Envelopes,659.7351,9/1/2019,659.7351
551485,test001,OFF-EN,Envelopes,407.3011,10/1/2019,407.3011
551084,test001,OFF-EN,Envelopes,549.7555,11/1/2019,549.7555
551313,test001,OFF-EN,Envelopes,728.1978,12/1/2019,728.1978
550868,test001,OFF-EN,Envelopes,608.9044,1/1/2020,608.9044
551140,test001,OFF-EN,Envelopes,130.34,2/1/2020,130.34
551088,test001,OFF-EN,Envelopes,926.1664,3/1/2020,926.1664
551121,test001,OFF-EN,Envelopes,245.4572,4/1/2020,245.4572
551360,test001,OFF-EN,Envelopes,728.0838,5/1/2020,728.0838
551166,test001,OFF-EN,Envelopes,71.4552,6/1/2020,71.4552
550942,test001,OFF-EN,Envelopes,110.01,7/1/2020,110.01
551317,test001,OFF-EN,Envelopes,256.804,8/1/2020,256.804
551150,test001,OFF-EN,Envelopes,751.716,9/1/2020,751.716
551688,test001,OFF-EN,Envelopes,218.6461628,10/1/2020,218.6461628
551689,test001,OFF-EN,Envelopes,218.6461628,11/1/2020,218.6461628
551690,test001,OFF-EN,Envelopes,341.6825628,12/1/2020,341.6825628
551691,test001,OFF-EN,Envelopes,523.0983628,1/1/2021,523.0983628
551692,test001,OFF-EN,Envelopes,283.8161628,2/1/2021,283.8161628
551693,test001,OFF-EN,Envelopes,681.7293628,3/1/2021,681.7293628
551694,test001,OFF-EN,Envelopes,341.3747628,4/1/2021,341.3747628
551695,test001,OFF-EN,Envelopes,582.6880628,5/1/2021,582.6880628
551696,test001,OFF-EN,Envelopes,254.3737628,6/1/2021,254.3737628
551697,test001,OFF-EN,Envelopes,273.6511628,7/1/2021,273.6511628
551698,test001,OFF-EN,Envelopes,347.0481628,8/1/2021,347.0481628
551699,test001,OFF-EN,Envelopes,594.5041628,9/1/2021,594.5041628
551700,test001,OFF-EN,Envelopes,437.2923256,10/1/2021,437.2923256
551701,test001,OFF-EN,Envelopes,437.2923256,11/1/2021,437.2923256
551702,test001,OFF-EN,Envelopes,560.3287256,12/1/2021,560.3287256
551703,test001,OFF-EN,Envelopes,741.7445256,1/1/2022,741.7445256
551704,test001,OFF-EN,Envelopes,502.4623256,2/1/2022,502.4623256
551705,test001,OFF-EN,Envelopes,900.3755256,3/1/2022,900.3755256
551706,test001,OFF-EN,Envelopes,560.0209256,4/1/2022,560.0209256
551707,test001,OFF-EN,Envelopes,801.3342256,5/1/2022,801.3342256
551708,test001,OFF-EN,Envelopes,473.0199256,6/1/2022,473.0199256
551709,test001,OFF-EN,Envelopes,492.2973256,7/1/2022,492.2973256
551710,test001,OFF-EN,Envelopes,565.6943256,8/1/2022,565.6943256
551711,test001,OFF-EN,Envelopes,813.1503256,9/1/2022,813.1503256
550949,test001,OFF-FA,Fasteners,46.9395,1/1/2017,46.9395
551379,test001,OFF-FA,Fasteners,17.898,2/1/2017,17.898
551482,test001,OFF-FA,Fasteners,27.93,3/1/2017,27.93
551220,test001,OFF-FA,Fasteners,96.5998,4/1/2017,96.5998
550802,test001,OFF-FA,Fasteners,11.9472,5/1/2017,11.9472
551510,test001,OFF-FA,Fasteners,43.0274,6/1/2017,43.0274
550943,test001,OFF-FA,Fasteners,28.5266,7/1/2017,28.5266
550875,test001,OFF-FA,Fasteners,76.1805,8/1/2017,76.1805
551203,test001,OFF-FA,Fasteners,99.617,9/1/2017,99.617
551185,test001,OFF-FA,Fasteners,47.6197,10/1/2017,47.6197
550874,test001,OFF-FA,Fasteners,58.026,11/1/2017,58.026
551175,test001,OFF-FA,Fasteners,73.9499,12/1/2017,73.9499
550786,test001,OFF-FA,Fasteners,5.5195,2/1/2018,5.5195
551124,test001,OFF-FA,Fasteners,65.0066,3/1/2018,65.0066
551013,test001,OFF-FA,Fasteners,28.766,4/1/2018,28.766
551415,test001,OFF-FA,Fasteners,30.02,5/1/2018,30.02
551167,test001,OFF-FA,Fasteners,9.8705,6/1/2018,9.8705
550821,test001,OFF-FA,Fasteners,48.6134,7/1/2018,48.6134
551302,test001,OFF-FA,Fasteners,21.5479,8/1/2018,21.5479
551056,test001,OFF-FA,Fasteners,59.4434,9/1/2018,59.4434
550864,test001,OFF-FA,Fasteners,19.5871,10/1/2018,19.5871
551426,test001,OFF-FA,Fasteners,140.239,11/1/2018,140.239
551170,test001,OFF-FA,Fasteners,89.3494,12/1/2018,89.3494
551182,test001,OFF-FA,Fasteners,7.182,1/1/2019,7.182
550879,test001,OFF-FA,Fasteners,68.6622,2/1/2019,68.6622
550859,test001,OFF-FA,Fasteners,37.8556,3/1/2019,37.8556
551219,test001,OFF-FA,Fasteners,63.7355,4/1/2019,63.7355
551259,test001,OFF-FA,Fasteners,19.9994,5/1/2019,19.9994
550966,test001,OFF-FA,Fasteners,29.9326,6/1/2019,29.9326
550840,test001,OFF-FA,Fasteners,87.5824,7/1/2019,87.5824
550924,test001,OFF-FA,Fasteners,79.5055,8/1/2019,79.5055
551089,test001,OFF-FA,Fasteners,68.6166,9/1/2019,68.6166
550932,test001,OFF-FA,Fasteners,174.7696,10/1/2019,174.7696
550947,test001,OFF-FA,Fasteners,182.7876,11/1/2019,182.7876
550907,test001,OFF-FA,Fasteners,131.4306,12/1/2019,131.4306
551202,test001,OFF-FA,Fasteners,81.776,1/1/2020,81.776
551506,test001,OFF-FA,Fasteners,130.8644,2/1/2020,130.8644
551191,test001,OFF-FA,Fasteners,46.892,3/1/2020,46.892
550817,test001,OFF-FA,Fasteners,52.801,4/1/2020,52.801
551206,test001,OFF-FA,Fasteners,83.7406,5/1/2020,83.7406
551183,test001,OFF-FA,Fasteners,53.7966,6/1/2020,53.7966
551262,test001,OFF-FA,Fasteners,26.2124,7/1/2020,26.2124
551148,test001,OFF-FA,Fasteners,159.0224,8/1/2020,159.0224
551137,test001,OFF-FA,Fasteners,271.1832,9/1/2020,271.1832
551712,test001,OFF-FA,Fasteners,78.47600787,10/1/2020,40.63631766
551713,test001,OFF-FA,Fasteners,82.11973906,11/1/2020,27.35279703
551714,test001,OFF-FA,Fasteners,125.6957703,12/1/2020,67.28509703
551715,test001,OFF-FA,Fasteners,130.2952014,1/1/2021,68.24079703
551716,test001,OFF-FA,Fasteners,158.4831326,2/1/2021,92.78499703
551717,test001,OFF-FA,Fasteners,120.1406638,3/1/2021,50.79879703
551718,test001,OFF-FA,Fasteners,126.738895,4/1/2021,53.75329703
551719,test001,OFF-FA,Fasteners,145.8524262,5/1/2021,69.22309703
551720,test001,OFF-FA,Fasteners,134.5241574,6/1/2021,54.25109703
551721,test001,OFF-FA,Fasteners,124.3757886,7/1/2021,40.45899703
551722,test001,OFF-FA,Fasteners,194.4245198,8/1/2021,106.863997
551723,test001,OFF-FA,Fasteners,254.148651,9/1/2021,15.77437773
551724,test001,OFF-FA,Fasteners,200.67679,10/1/2021,67.98911469
551725,test001,OFF-FA,Fasteners,207.9642524,11/1/2021,54.70559405
551726,test001,OFF-FA,Fasteners,255.1840148,12/1/2021,94.63789405
551727,test001,OFF-FA,Fasteners,263.4271772,1/1/2022,95.59359405
551728,test001,OFF-FA,Fasteners,295.2588396,2/1/2022,120.1377941
551729,test001,OFF-FA,Fasteners,260.5601019,3/1/2022,78.15159405
551730,test001,OFF-FA,Fasteners,270.8020643,4/1/2022,81.10609405
551731,test001,OFF-FA,Fasteners,293.5593267,5/1/2022,96.57589405
551732,test001,OFF-FA,Fasteners,285.8747891,6/1/2022,81.60389405
551733,test001,OFF-FA,Fasteners,279.3701515,7/1/2022,67.81179405
551734,test001,OFF-FA,Fasteners,353.0626139,8/1/2022,134.2167941
551735,test001,OFF-FA,Fasteners,416.4304762,9/1/2022,43.12717476
550790,test001,FUR-FU,Furnishings,676.1815,1/1/2017,676.1815
551085,test001,FUR-FU,Furnishings,433.7054,2/1/2017,433.7054
551051,test001,FUR-FU,Furnishings,564.5432,3/1/2017,564.5432
551277,test001,FUR-FU,Furnishings,766.0477,4/1/2017,766.0477
551437,test001,FUR-FU,Furnishings,831.9017,5/1/2017,831.9017
551073,test001,FUR-FU,Furnishings,320.3685,6/1/2017,320.3685
551119,test001,FUR-FU,Furnishings,899.4125,7/1/2017,899.4125
550911,test001,FUR-FU,Furnishings,973.123,8/1/2017,973.123
551105,test001,FUR-FU,Furnishings,2745.7337,9/1/2017,2745.7337
551407,test001,FUR-FU,Furnishings,770.9592,10/1/2017,770.9592
551173,test001,FUR-FU,Furnishings,2446.3127,11/1/2017,2446.3127
550789,test001,FUR-FU,Furnishings,1706.6332,12/1/2017,1706.6332
550989,test001,FUR-FU,Furnishings,1206.6083,1/1/2018,1206.6083
551239,test001,FUR-FU,Furnishings,195.7988,2/1/2018,195.7988
551116,test001,FUR-FU,Furnishings,1364.1601,3/1/2018,1364.1601
551180,test001,FUR-FU,Furnishings,2903.903,4/1/2018,2903.903
551424,test001,FUR-FU,Furnishings,1395.2099,5/1/2018,1395.2099
550978,test001,FUR-FU,Furnishings,2523.9277,6/1/2018,2523.9277
551110,test001,FUR-FU,Furnishings,1233.3584,7/1/2018,1233.3584
551196,test001,FUR-FU,Furnishings,878.3814,8/1/2018,878.3814
550999,test001,FUR-FU,Furnishings,1981.9812,9/1/2018,1981.9812
551138,test001,FUR-FU,Furnishings,914.2686,10/1/2018,914.2686
551000,test001,FUR-FU,Furnishings,3039.9107,11/1/2018,3039.9107
551417,test001,FUR-FU,Furnishings,2397.7183,12/1/2018,2397.7183
550804,test001,FUR-FU,Furnishings,1101.0386,1/1/2019,1101.0386
551281,test001,FUR-FU,Furnishings,721.5003,2/1/2019,721.5003
551387,test001,FUR-FU,Furnishings,2172.4277,3/1/2019,2172.4277
550799,test001,FUR-FU,Furnishings,836.5168,4/1/2019,836.5168
551107,test001,FUR-FU,Furnishings,2701.9976,5/1/2019,2701.9976
551497,test001,FUR-FU,Furnishings,1460.5528,6/1/2019,1460.5528
551108,test001,FUR-FU,Furnishings,1791.5765,7/1/2019,1791.5765
550873,test001,FUR-FU,Furnishings,933.9089,8/1/2019,933.9089
551328,test001,FUR-FU,Furnishings,3336.2632,9/1/2019,3336.2632
550899,test001,FUR-FU,Furnishings,2320.5004,10/1/2019,2320.5004
551172,test001,FUR-FU,Furnishings,4001.3411,11/1/2019,4001.3411
551304,test001,FUR-FU,Furnishings,9809.8102,12/1/2019,9809.8102
551398,test001,FUR-FU,Furnishings,506.3082,1/1/2020,506.3082
551178,test001,FUR-FU,Furnishings,1642.8198,2/1/2020,1642.8198
550988,test001,FUR-FU,Furnishings,2120.9586,3/1/2020,2120.9586
550808,test001,FUR-FU,Furnishings,5035.7866,4/1/2020,5035.7866
550928,test001,FUR-FU,Furnishings,3053.167,5/1/2020,3053.167
550862,test001,FUR-FU,Furnishings,2767.1106,6/1/2020,2767.1106
551478,test001,FUR-FU,Furnishings,6425.344,7/1/2020,6425.344
551258,test001,FUR-FU,Furnishings,3948.2798,8/1/2020,3948.2798
551405,test001,FUR-FU,Furnishings,4426.0348,9/1/2020,4426.0348
551568,test001,FUR-FU,Furnishings,2056.242396,10/1/2020,2056.242396
551569,test001,FUR-FU,Furnishings,2159.133635,11/1/2020,2159.133635
551570,test001,FUR-FU,Furnishings,3741.95189,12/1/2020,3741.95189
551571,test001,FUR-FU,Furnishings,2238.437203,1/1/2021,2238.437203
551572,test001,FUR-FU,Furnishings,2439.462104,2/1/2021,2439.462104
551573,test001,FUR-FU,Furnishings,2555.360497,3/1/2021,2555.360497
551574,test001,FUR-FU,Furnishings,3133.001024,4/1/2021,3133.001024
551575,test001,FUR-FU,Furnishings,2739.799895,5/1/2021,2739.799895
551576,test001,FUR-FU,Furnishings,2676.485502,6/1/2021,2676.485502
551577,test001,FUR-FU,Furnishings,3420.713857,7/1/2021,3420.713857
551578,test001,FUR-FU,Furnishings,2916.855449,8/1/2021,2916.855449
551579,test001,FUR-FU,Furnishings,3015.112503,9/1/2021,3015.112503
551580,test001,FUR-FU,Furnishings,2950.626522,10/1/2021,2950.626522
551581,test001,FUR-FU,Furnishings,2992.948591,11/1/2021,2992.948591
551582,test001,FUR-FU,Furnishings,6058.629477,12/1/2021,6058.629477
551583,test001,FUR-FU,Furnishings,3175.555036,1/1/2022,3175.555036
551584,test001,FUR-FU,Furnishings,3594.917752,2/1/2022,3594.917752
551585,test001,FUR-FU,Furnishings,3784.231895,3/1/2022,3784.231895
551586,test001,FUR-FU,Furnishings,4885.30835,4/1/2022,4885.30835
551587,test001,FUR-FU,Furnishings,4136.250589,5/1/2022,4136.250589
551588,test001,FUR-FU,Furnishings,4025.467427,6/1/2022,4025.467427
551589,test001,FUR-FU,Furnishings,5415.289501,7/1/2022,5415.289501
551590,test001,FUR-FU,Furnishings,4474.243053,8/1/2022,4474.243053
551591,test001,FUR-FU,Furnishings,4656.18712,9/1/2022,4656.18712
551401,test001,OFF-LA,Labels,42.5087,1/1/2017,42.5087
550997,test001,OFF-LA,Labels,35.0322,2/1/2017,35.0322
551141,test001,OFF-LA,Labels,193.0305,3/1/2017,193.0305
551135,test001,OFF-LA,Labels,46.9224,4/1/2017,46.9224
551060,test001,OFF-LA,Labels,54.568,5/1/2017,54.568
551319,test001,OFF-LA,Labels,577.3397,6/1/2017,577.3397
551057,test001,OFF-LA,Labels,201.7173,7/1/2017,201.7173
551242,test001,OFF-LA,Labels,22.6404,8/1/2017,22.6404
551378,test001,OFF-LA,Labels,362.4592,9/1/2017,362.4592
551225,test001,OFF-LA,Labels,214.8615,10/1/2017,214.8615
551477,test001,OFF-LA,Labels,473.1703,11/1/2017,473.1703
551316,test001,OFF-LA,Labels,497.5701,12/1/2017,497.5701
551192,test001,OFF-LA,Labels,23.218,1/1/2018,23.218
550885,test001,OFF-LA,Labels,191.1932,2/1/2018,191.1932
551333,test001,OFF-LA,Labels,505.7211,3/1/2018,505.7211
551394,test001,OFF-LA,Labels,123.3765,4/1/2018,123.3765
551144,test001,OFF-LA,Labels,247.779,5/1/2018,247.779
550919,test001,OFF-LA,Labels,31.1562,6/1/2018,31.1562
550914,test001,OFF-LA,Labels,309.0996,7/1/2018,309.0996
551113,test001,OFF-LA,Labels,127.3095,8/1/2018,127.3095
551222,test001,OFF-LA,Labels,206.3628,9/1/2018,206.3628
551268,test001,OFF-LA,Labels,580.2353,10/1/2018,580.2353
550965,test001,OFF-LA,Labels,115.995,11/1/2018,115.995
551489,test001,OFF-LA,Labels,324.6967,12/1/2018,324.6967
551469,test001,OFF-LA,Labels,86.507,1/1/2019,86.507
551347,test001,OFF-LA,Labels,29.6685,2/1/2019,29.6685
551513,test001,OFF-LA,Labels,29.241,3/1/2019,29.241
550904,test001,OFF-LA,Labels,18.7112,4/1/2019,18.7112
551040,test001,OFF-LA,Labels,165.8795,5/1/2019,165.8795
551136,test001,OFF-LA,Labels,368.4252,6/1/2019,368.4252
551410,test001,OFF-LA,Labels,149.4958,7/1/2019,149.4958
550945,test001,OFF-LA,Labels,287.0539,8/1/2019,287.0539
551205,test001,OFF-LA,Labels,319.4717,9/1/2019,319.4717
550968,test001,OFF-LA,Labels,138.4644,10/1/2019,138.4644
551518,test001,OFF-LA,Labels,865.1574,11/1/2019,865.1574
551270,test001,OFF-LA,Labels,313.2739,12/1/2019,313.2739
550956,test001,OFF-LA,Labels,43.206,1/1/2020,43.206
551255,test001,OFF-LA,Labels,57.988,2/1/2020,57.988
550995,test001,OFF-LA,Labels,477.0596,3/1/2020,477.0596
551371,test001,OFF-LA,Labels,325.3522,4/1/2020,325.3522
550964,test001,OFF-LA,Labels,725.249,5/1/2020,725.249
551515,test001,OFF-LA,Labels,342.5548,6/1/2020,342.5548
551476,test001,OFF-LA,Labels,1869.5316,7/1/2020,1869.5316
551227,test001,OFF-LA,Labels,956.688,8/1/2020,956.688
550801,test001,OFF-LA,Labels,867.6426,9/1/2020,867.6426
551736,test001,OFF-LA,Labels,474.4340429,10/1/2020,-84.4957265
551737,test001,OFF-LA,Labels,474.4340429,11/1/2020,-82.31151298
551738,test001,OFF-LA,Labels,559.9055429,12/1/2020,268.4682995
551739,test001,OFF-LA,Labels,496.0370429,1/1/2021,-5.070426672
551740,test001,OFF-LA,Labels,503.4280429,2/1/2021,1.792287217
551741,test001,OFF-LA,Labels,712.9638429,3/1/2021,245.7939062
551742,test001,OFF-LA,Labels,637.1101429,4/1/2021,95.58006892
551743,test001,OFF-LA,Labels,837.0585429,5/1/2021,-95.06287592
551744,test001,OFF-LA,Labels,645.7114429,6/1/2021,168.643035
551745,test001,OFF-LA,Labels,1409.199843,7/1/2021,-77.17144368
551746,test001,OFF-LA,Labels,952.7780429,8/1/2021,-78.28768686
551747,test001,OFF-LA,Labels,908.2553429,9/1/2021,273.8880663
551748,test001,OFF-LA,Labels,948.8680857,10/1/2021,-0.0963463
551749,test001,OFF-LA,Labels,948.8680857,11/1/2021,1.982547434
551750,test001,OFF-LA,Labels,1034.339586,12/1/2021,229.1144369
551751,test001,OFF-LA,Labels,970.4710857,1/1/2022,52.82247425
551752,test001,OFF-LA,Labels,977.8620857,2/1/2022,60.54689996
551753,test001,OFF-LA,Labels,1187.397886,3/1/2022,293.2056695
551754,test001,OFF-LA,Labels,1111.544186,4/1/2022,176.15365
551755,test001,OFF-LA,Labels,1311.492586,5/1/2022,-124.0963783
551756,test001,OFF-LA,Labels,1120.145486,6/1/2022,219.0845681
551757,test001,OFF-LA,Labels,1883.633886,7/1/2022,-109.7693902
551758,test001,OFF-LA,Labels,1427.212086,8/1/2022,-113.1913807
551759,test001,OFF-LA,Labels,1382.689386,9/1/2022,405.0696206
551358,test001,TEC-MA,Machines,24048.9251,3/1/2017,24048.9251
551240,test001,TEC-MA,Machines,273.5696,4/1/2017,273.5696
551226,test001,TEC-MA,Machines,657.17295,6/1/2017,657.17295
551250,test001,TEC-MA,Machines,531.7245,8/1/2017,531.7245
551377,test001,TEC-MA,Machines,20767.5434,9/1/2017,20767.5434
551197,test001,TEC-MA,Machines,96.8943,10/1/2017,96.8943
551235,test001,TEC-MA,Machines,5166.8581,11/1/2017,5166.8581
551279,test001,TEC-MA,Machines,8508.1164,12/1/2017,8508.1164
551216,test001,TEC-MA,Machines,1823.9772,1/1/2018,1823.9772
551062,test001,TEC-MA,Machines,68.3772,3/1/2018,68.3772
550982,test001,TEC-MA,Machines,1310.924,4/1/2018,1310.924
551246,test001,TEC-MA,Machines,3204.217,5/1/2018,3204.217
551027,test001,TEC-MA,Machines,972.2015,7/1/2018,972.2015
551341,test001,TEC-MA,Machines,3153.9772,8/1/2018,3153.9772
551090,test001,TEC-MA,Machines,598.4335,9/1/2018,598.4335
550800,test001,TEC-MA,Machines,1041.0043,10/1/2018,1041.0043
551223,test001,TEC-MA,Machines,7457.95885,11/1/2018,7457.95885
550961,test001,TEC-MA,Machines,5615.8414,12/1/2018,5615.8414
551188,test001,TEC-MA,Machines,8312.4525,1/1/2019,8312.4525
551256,test001,TEC-MA,Machines,4654.9335,2/1/2019,4654.9335
551425,test001,TEC-MA,Machines,3889.8795,3/1/2019,3889.8795
550843,test001,TEC-MA,Machines,8644.9335,4/1/2019,8644.9335
551392,test001,TEC-MA,Machines,7174.07985,5/1/2019,7174.07985
551283,test001,TEC-MA,Machines,7240.7138,6/1/2019,7240.7138
551391,test001,TEC-MA,Machines,577.0927,7/1/2019,577.0927
550910,test001,TEC-MA,Machines,895.9944,8/1/2019,895.9944
551168,test001,TEC-MA,Machines,1670.955,9/1/2019,1670.955
551349,test001,TEC-MA,Machines,1464.2445,10/1/2019,1464.2445
551322,test001,TEC-MA,Machines,8318.80895,11/1/2019,8318.80895
551163,test001,TEC-MA,Machines,534.907,12/1/2019,534.907
550842,test001,TEC-MA,Machines,7802.6445,1/1/2020,7802.6445
551290,test001,TEC-MA,Machines,455.9696,2/1/2020,455.9696
551297,test001,TEC-MA,Machines,10531.111,3/1/2020,10531.111
551306,test001,TEC-MA,Machines,4844.9715,4/1/2020,4844.9715
551129,test001,TEC-MA,Machines,652.08,5/1/2020,652.08
551164,test001,TEC-MA,Machines,7351.024,6/1/2020,7351.024
551123,test001,TEC-MA,Machines,8421.3966,7/1/2020,8421.3966
551493,test001,TEC-MA,Machines,6234.7265,9/1/2020,6234.7265
551880,test001,TEC-MA,Machines,1918.318412,10/1/2020,-2999.975952
551881,test001,TEC-MA,Machines,3198.012492,11/1/2020,4163.685612
551882,test001,TEC-MA,Machines,4188.151981,12/1/2020,5058.850612
551883,test001,TEC-MA,Machines,4224.485352,1/1/2021,-900.3906949
551884,test001,TEC-MA,Machines,2784.879301,2/1/2021,-1749.837607
551885,test001,TEC-MA,Machines,7939.574097,3/1/2021,-2225.997677
551886,test001,TEC-MA,Machines,4008.328028,4/1/2021,-2414.439734
551887,test001,TEC-MA,Machines,3595.830116,5/1/2021,-2514.008308
551888,test001,TEC-MA,Machines,5128.462459,6/1/2021,-2886.676116
551889,test001,TEC-MA,Machines,5560.425697,7/1/2021,-2278.017981
551890,test001,TEC-MA,Machines,4603.848653,8/1/2021,-2313.314623
551891,test001,TEC-MA,Machines,8810.997825,9/1/2021,-2212.326565
551892,test001,TEC-MA,Machines,5847.946438,10/1/2021,-2271.597794
551893,test001,TEC-MA,Machines,7281.194964,11/1/2021,-2212.747334
551894,test001,TEC-MA,Machines,8424.888898,12/1/2021,-2552.113702
551895,test001,TEC-MA,Machines,8614.776715,1/1/2022,-2197.655817
551896,test001,TEC-MA,Machines,7328.72511,2/1/2022,-2422.668169
551897,test001,TEC-MA,Machines,12636.97435,3/1/2022,-3076.148313
551898,test001,TEC-MA,Machines,8859.282728,4/1/2022,-2219.435897
551899,test001,TEC-MA,Machines,8600.339261,5/1/2022,-2468.189419
551900,test001,TEC-MA,Machines,10286.52605,6/1/2022,-2685.254371
551901,test001,TEC-MA,Machines,10872.04373,7/1/2022,-2220.866812
551902,test001,TEC-MA,Machines,10069.02113,8/1/2022,-2473.798775
551903,test001,TEC-MA,Machines,14429.72475,9/1/2022,-2965.717014
550820,test001,OFF-PA,Paper,229.919,1/1/2017,229.919
550994,test001,OFF-PA,Paper,185.9948,2/1/2017,185.9948
550787,test001,OFF-PA,Paper,1158.1203,3/1/2017,1158.1203
551291,test001,OFF-PA,Paper,521.9148,4/1/2017,521.9148
551414,test001,OFF-PA,Paper,525.2664,5/1/2017,525.2664
551125,test001,OFF-PA,Paper,965.5705,6/1/2017,965.5705
551177,test001,OFF-PA,Paper,830.9042,7/1/2017,830.9042
550833,test001,OFF-PA,Paper,1885.8678,8/1/2017,1885.8678
551287,test001,OFF-PA,Paper,1338.2859,9/1/2017,1338.2859
551502,test001,OFF-PA,Paper,1127.1503,10/1/2017,1127.1503
551339,test001,OFF-PA,Paper,3550.2184,11/1/2017,3550.2184
550809,test001,OFF-PA,Paper,1793.0338,12/1/2017,1793.0338
551122,test001,OFF-PA,Paper,452.9239,1/1/2018,452.9239
551010,test001,OFF-PA,Paper,218.272,2/1/2018,218.272
551111,test001,OFF-PA,Paper,1510.7565,3/1/2018,1510.7565
551041,test001,OFF-PA,Paper,432.1132,4/1/2018,432.1132
551343,test001,OFF-PA,Paper,1284.1226,5/1/2018,1284.1226
551368,test001,OFF-PA,Paper,659.0188,6/1/2018,659.0188
551363,test001,OFF-PA,Paper,368.5943,7/1/2018,368.5943
551495,test001,OFF-PA,Paper,1326.5116,8/1/2018,1326.5116
551046,test001,OFF-PA,Paper,2176.0966,9/1/2018,2176.0966
551215,test001,OFF-PA,Paper,529.5756,10/1/2018,529.5756
551029,test001,OFF-PA,Paper,2903.0385,11/1/2018,2903.0385
551296,test001,OFF-PA,Paper,2643.1945,12/1/2018,2643.1945
551382,test001,OFF-PA,Paper,666.6112,1/1/2019,666.6112
550896,test001,OFF-PA,Paper,1059.3089,2/1/2019,1059.3089
551479,test001,OFF-PA,Paper,871.587,3/1/2019,871.587
551266,test001,OFF-PA,Paper,1349.646,4/1/2019,1349.646
551065,test001,OFF-PA,Paper,2415.1375,5/1/2019,2415.1375
551356,test001,OFF-PA,Paper,2693.3925,6/1/2019,2693.3925
550950,test001,OFF-PA,Paper,1334.5771,7/1/2019,1334.5771
550849,test001,OFF-PA,Paper,1135.8257,8/1/2019,1135.8257
551035,test001,OFF-PA,Paper,2280.7106,9/1/2019,2280.7106
551420,test001,OFF-PA,Paper,1399.1961,10/1/2019,1399.1961
550855,test001,OFF-PA,Paper,2280.5662,11/1/2019,2280.5662
551318,test001,OFF-PA,Paper,2879.2201,12/1/2019,2879.2201
551198,test001,OFF-PA,Paper,1764.3856,1/1/2020,1764.3856
551212,test001,OFF-PA,Paper,2504.6712,2/1/2020,2504.6712
551514,test001,OFF-PA,Paper,4799.381,3/1/2020,4799.381
551247,test001,OFF-PA,Paper,3039.4414,4/1/2020,3039.4414
551342,test001,OFF-PA,Paper,3427.22,5/1/2020,3427.22
551330,test001,OFF-PA,Paper,4380.3246,6/1/2020,4380.3246
550845,test001,OFF-PA,Paper,2488.9772,7/1/2020,2488.9772
551441,test001,OFF-PA,Paper,4198.4718,8/1/2020,4198.4718
551232,test001,OFF-PA,Paper,8647.6258,9/1/2020,8647.6258
551760,test001,OFF-PA,Paper,4213.129346,10/1/2020,1105.293514
551761,test001,OFF-PA,Paper,5483.373625,11/1/2020,3343.95606
551762,test001,OFF-PA,Paper,4825.434191,12/1/2020,1781.695076
551763,test001,OFF-PA,Paper,4174.77495,1/1/2021,551.3790003
551764,test001,OFF-PA,Paper,4183.968326,2/1/2021,425.4012163
551765,test001,OFF-PA,Paper,5088.419713,3/1/2021,1398.0936
551766,test001,OFF-PA,Paper,4165.046296,4/1/2021,223.1243195
551767,test001,OFF-PA,Paper,4234.298245,5/1/2021,267.2722365
551768,test001,OFF-PA,Paper,4404.509677,6/1/2021,298.5589625
551769,test001,OFF-PA,Paper,4066.740926,7/1/2021,104.3793812
551770,test001,OFF-PA,Paper,4372.033257,8/1/2021,113.0910623
551771,test001,OFF-PA,Paper,5166.591247,9/1/2021,26.59033838
551772,test001,OFF-PA,Paper,5127.058113,10/1/2021,19.30747737
551773,test001,OFF-PA,Paper,5580.754587,11/1/2021,102.8882102
551774,test001,OFF-PA,Paper,5433.160704,12/1/2021,63.76853694
551775,test001,OFF-PA,Paper,5217.984988,1/1/2022,21.6191579
551776,test001,OFF-PA,Paper,5265.166686,2/1/2022,26.56260697
551777,test001,OFF-PA,Paper,5724.28558,3/1/2022,92.78112358
551778,test001,OFF-PA,Paper,5290.119507,4/1/2022,25.97929759
551779,test001,OFF-PA,Paper,5337.849227,5/1/2022,32.68080412
551780,test001,OFF-PA,Paper,5455.162085,6/1/2022,46.26903939
551781,test001,OFF-PA,Paper,5222.365633,7/1/2022,14.37270612
551782,test001,OFF-PA,Paper,5432.778737,8/1/2022,36.97480446
551783,test001,OFF-PA,Paper,5980.402757,9/1/2022,12.92461228
551383,test001,TEC-PH,Phones,2371.542,1/1/2017,2371.542
550844,test001,TEC-PH,Phones,296.875,2/1/2017,296.875
550917,test001,TEC-PH,Phones,6774.9934,3/1/2017,6774.9934
551403,test001,TEC-PH,Phones,5045.9687,4/1/2017,5045.9687
551109,test001,TEC-PH,Phones,6675.0382,5/1/2017,6675.0382
550891,test001,TEC-PH,Phones,6274.9058,6/1/2017,6274.9058
551195,test001,TEC-PH,Phones,3311.2725,7/1/2017,3311.2725
550834,test001,TEC-PH,Phones,5245.862,8/1/2017,5245.862
551248,test001,TEC-PH,Phones,4186.2111,9/1/2017,4186.2111
550909,test001,TEC-PH,Phones,10845.8745,10/1/2017,10845.8745
551305,test001,TEC-PH,Phones,17104.9704,11/1/2017,17104.9704
551404,test001,TEC-PH,Phones,5447.585,12/1/2017,5447.585
551081,test001,TEC-PH,Phones,908.2266,1/1/2018,908.2266
551483,test001,TEC-PH,Phones,2005.1726,2/1/2018,2005.1726
551053,test001,TEC-PH,Phones,4606.2745,3/1/2018,4606.2745
550895,test001,TEC-PH,Phones,5264.3661,4/1/2018,5264.3661
551422,test001,TEC-PH,Phones,4148.5474,5/1/2018,4148.5474
551097,test001,TEC-PH,Phones,3336.9643,6/1/2018,3336.9643
551224,test001,TEC-PH,Phones,4688.8257,7/1/2018,4688.8257
551254,test001,TEC-PH,Phones,6977.7424,8/1/2018,6977.7424
551208,test001,TEC-PH,Phones,11285.5782,9/1/2018,11285.5782
551022,test001,TEC-PH,Phones,5293.8693,10/1/2018,5293.8693
551370,test001,TEC-PH,Phones,6915.867,11/1/2018,6915.867
551286,test001,TEC-PH,Phones,9627.1309,12/1/2018,9627.1309
550959,test001,TEC-PH,Phones,2282.261,1/1/2019,2282.261
551324,test001,TEC-PH,Phones,3142.5221,2/1/2019,3142.5221
551315,test001,TEC-PH,Phones,9459.416,3/1/2019,9459.416
551115,test001,TEC-PH,Phones,2779.7285,4/1/2019,2779.7285
551473,test001,TEC-PH,Phones,7668.6945,5/1/2019,7668.6945
550853,test001,TEC-PH,Phones,6757.35,6/1/2019,6757.35
550861,test001,TEC-PH,Phones,6419.5395,7/1/2019,6419.5395
551438,test001,TEC-PH,Phones,3437.0734,8/1/2019,3437.0734
551307,test001,TEC-PH,Phones,7737.4403,9/1/2019,7737.4403
551031,test001,TEC-PH,Phones,3363.9424,10/1/2019,3363.9424
550848,test001,TEC-PH,Phones,9749.9488,11/1/2019,9749.9488
551101,test001,TEC-PH,Phones,17550.8852,12/1/2019,17550.8852
550933,test001,TEC-PH,Phones,14251.0222,1/1/2020,14251.0222
551395,test001,TEC-PH,Phones,6738.6274,2/1/2020,6738.6274
551005,test001,TEC-PH,Phones,13757.9418,3/1/2020,13757.9418
551311,test001,TEC-PH,Phones,5447.699,4/1/2020,5447.699
550877,test001,TEC-PH,Phones,11920.5658,5/1/2020,11920.5658
550886,test001,TEC-PH,Phones,15545.724,6/1/2020,15545.724
550807,test001,TEC-PH,Phones,18082.0416,7/1/2020,18082.0416
550948,test001,TEC-PH,Phones,21411.0582,8/1/2020,21411.0582
551011,test001,TEC-PH,Phones,26067.0158,9/1/2020,26067.0158
551904,test001,TEC-PH,Phones,18309.38519,10/1/2020,13033.5079
551905,test001,TEC-PH,Phones,23267.92738,11/1/2020,13033.5079
551906,test001,TEC-PH,Phones,14656.69096,12/1/2020,16510.02209
551907,test001,TEC-PH,Phones,11620.8887,1/1/2021,17492.69907
551908,test001,TEC-PH,Phones,11789.20715,2/1/2021,17333.57018
551909,test001,TEC-PH,Phones,15254.93428,3/1/2021,21248.60619
551910,test001,TEC-PH,Phones,11274.31969,4/1/2021,21041.89355
551911,test001,TEC-PH,Phones,11832.81954,5/1/2021,22303.30209
551912,test001,TEC-PH,Phones,11843.90694,6/1/2021,22324.36391
551913,test001,TEC-PH,Phones,11234.76885,7/1/2021,18691.43749
551914,test001,TEC-PH,Phones,11774.11671,8/1/2021,22226.6467
551915,test001,TEC-PH,Phones,11662.90757,9/1/2021,21189.96187
551916,test001,TEC-PH,Phones,13493.74966,10/1/2021,21189.96187
551917,test001,TEC-PH,Phones,15214.46969,11/1/2021,21189.96187
551918,test001,TEC-PH,Phones,11364.54194,12/1/2021,25444.32706
551919,test001,TEC-PH,Phones,10067.49984,1/1/2022,26646.87263
551920,test001,TEC-PH,Phones,10708.51299,2/1/2022,26452.13951
551921,test001,TEC-PH,Phones,11366.83076,3/1/2022,31243.14338
551922,test001,TEC-PH,Phones,10629.95043,4/1/2022,30990.17992
551923,test001,TEC-PH,Phones,10321.77648,5/1/2022,32533.82171
551924,test001,TEC-PH,Phones,10044.48491,6/1/2022,32559.59599
551925,test001,TEC-PH,Phones,9636.403873,7/1/2022,28113.8222
551926,test001,TEC-PH,Phones,9565.396404,8/1/2022,32440.0151
551927,test001,TEC-PH,Phones,9165.724514,9/1/2022,31171.37772
551217,test001,OFF-ST,Storage,2877.3752,1/1/2017,2877.3752
551106,test001,OFF-ST,Storage,388.9756,2/1/2017,388.9756
551364,test001,OFF-ST,Storage,3961.5551,3/1/2017,3961.5551
551359,test001,OFF-ST,Storage,3432.3994,4/1/2017,3432.3994
550955,test001,OFF-ST,Storage,1174.7339,5/1/2017,1174.7339
551338,test001,OFF-ST,Storage,3159.5613,6/1/2017,3159.5613
551348,test001,OFF-ST,Storage,3126.5564,7/1/2017,3126.5564
551237,test001,OFF-ST,Storage,1410.1325,8/1/2017,1410.1325
551147,test001,OFF-ST,Storage,8369.7128,9/1/2017,8369.7128
550815,test001,OFF-ST,Storage,4385.1487,10/1/2017,4385.1487
551447,test001,OFF-ST,Storage,9939.1698,11/1/2017,9939.1698
551230,test001,OFF-ST,Storage,5668.5132,12/1/2017,5668.5132
550852,test001,OFF-ST,Storage,441.921,1/1/2018,441.921
550936,test001,OFF-ST,Storage,849.9859,2/1/2018,849.9859
551245,test001,OFF-ST,Storage,3450.4722,3/1/2018,3450.4722
551293,test001,OFF-ST,Storage,2104.6509,4/1/2018,2104.6509
550934,test001,OFF-ST,Storage,2921.668,5/1/2018,2921.668
550823,test001,OFF-ST,Storage,3643.4305,6/1/2018,3643.4305
551019,test001,OFF-ST,Storage,1187.0478,7/1/2018,1187.0478
551446,test001,OFF-ST,Storage,7150.023,8/1/2018,7150.023
551100,test001,OFF-ST,Storage,8015.1899,9/1/2018,8015.1899
551096,test001,OFF-ST,Storage,2798.947,10/1/2018,2798.947
550970,test001,OFF-ST,Storage,6577.8057,11/1/2018,6577.8057
551408,test001,OFF-ST,Storage,3573.4497,12/1/2018,3573.4497
551500,test001,OFF-ST,Storage,2457.5075,1/1/2019,2457.5075
550969,test001,OFF-ST,Storage,3466.4892,2/1/2019,3466.4892
551396,test001,OFF-ST,Storage,2635.5451,3/1/2019,2635.5451
551442,test001,OFF-ST,Storage,3571.1849,4/1/2019,3571.1849
551052,test001,OFF-ST,Storage,5851.6105,5/1/2019,5851.6105
551032,test001,OFF-ST,Storage,3538.1895,6/1/2019,3538.1895
550990,test001,OFF-ST,Storage,5120.3594,7/1/2019,5120.3594
551127,test001,OFF-ST,Storage,2321.3991,8/1/2019,2321.3991
551390,test001,OFF-ST,Storage,6283.1689,9/1/2019,6283.1689
550888,test001,OFF-ST,Storage,3944.0618,10/1/2019,3944.0618
551042,test001,OFF-ST,Storage,7655.955,11/1/2019,7655.955
551314,test001,OFF-ST,Storage,13132.7886,12/1/2019,13132.7886
551310,test001,OFF-ST,Storage,5265.4434,1/1/2020,5265.4434
550798,test001,OFF-ST,Storage,3091.2468,2/1/2020,3091.2468
550977,test001,OFF-ST,Storage,7428.3388,3/1/2020,7428.3388
551211,test001,OFF-ST,Storage,11271.3092,4/1/2020,11271.3092
550939,test001,OFF-ST,Storage,9570.1252,5/1/2020,9570.1252
551301,test001,OFF-ST,Storage,14805.5372,6/1/2020,14805.5372
551460,test001,OFF-ST,Storage,5010.6876,7/1/2020,5010.6876
551099,test001,OFF-ST,Storage,13208.0286,8/1/2020,13208.0286
551145,test001,OFF-ST,Storage,8261.4736,9/1/2020,8261.4736
551784,test001,OFF-ST,Storage,5861.183162,10/1/2020,7466.472929
551785,test001,OFF-ST,Storage,6415.252803,11/1/2020,11740.62799
551786,test001,OFF-ST,Storage,6762.723587,12/1/2020,9433.389311
551787,test001,OFF-ST,Storage,2726.449833,1/1/2021,5864.763444
551788,test001,OFF-ST,Storage,3195.020351,2/1/2021,5155.350024
551789,test001,OFF-ST,Storage,4874.163204,3/1/2021,7730.977369
551790,test001,OFF-ST,Storage,3848.359946,4/1/2021,5584.58579
551791,test001,OFF-ST,Storage,3449.120693,5/1/2021,5359.284341
551792,test001,OFF-ST,Storage,4331.900628,6/1/2021,6052.651967
551793,test001,OFF-ST,Storage,2789.93444,7/1/2021,4755.441429
551794,test001,OFF-ST,Storage,4068.717187,8/1/2021,5841.081083
551795,test001,OFF-ST,Storage,3296.372588,9/1/2021,6947.86365
551796,test001,OFF-ST,Storage,3835.126264,10/1/2021,6069.525718
551797,test001,OFF-ST,Storage,3995.102305,11/1/2021,7201.647029
551798,test001,OFF-ST,Storage,4713.652198,12/1/2021,6463.197369
551799,test001,OFF-ST,Storage,3309.742576,1/1/2022,5458.987473
551800,test001,OFF-ST,Storage,3275.300306,2/1/2022,5404.138728
551801,test001,OFF-ST,Storage,4140.494254,3/1/2022,6011.68356
551802,test001,OFF-ST,Storage,4145.695754,4/1/2022,5376.986582
551803,test001,OFF-ST,Storage,3884.122754,5/1/2022,5346.601048
551804,test001,OFF-ST,Storage,4582.890685,6/1/2022,5440.112855
551805,test001,OFF-ST,Storage,3309.240513,7/1/2022,5265.163093
551806,test001,OFF-ST,Storage,4371.571116,8/1/2022,5411.579109
551807,test001,OFF-ST,Storage,3730.314704,9/1/2022,5560.846588
550880,test001,OFF-SU,Supplies,226.689,2/1/2017,226.689
551443,test001,OFF-SU,Supplies,17.689,3/1/2017,17.689
551238,test001,OFF-SU,Supplies,3965.6363,4/1/2017,3965.6363
551063,test001,OFF-SU,Supplies,76.266,5/1/2017,76.266
551093,test001,OFF-SU,Supplies,26.2238,6/1/2017,26.2238
551474,test001,OFF-SU,Supplies,7831.6765,7/1/2017,7831.6765
551501,test001,OFF-SU,Supplies,149.1196,8/1/2017,149.1196
551332,test001,OFF-SU,Supplies,387.5525,9/1/2017,387.5525
551505,test001,OFF-SU,Supplies,483.797,10/1/2017,483.797
550935,test001,OFF-SU,Supplies,426.9433,11/1/2017,426.9433
551269,test001,OFF-SU,Supplies,82.7735,12/1/2017,82.7735
550985,test001,OFF-SU,Supplies,84.512,1/1/2018,84.512
551325,test001,OFF-SU,Supplies,31.692,3/1/2018,31.692
551083,test001,OFF-SU,Supplies,90.3982,4/1/2018,90.3982
550803,test001,OFF-SU,Supplies,414.1031,5/1/2018,414.1031
551298,test001,OFF-SU,Supplies,49.9605,7/1/2018,49.9605
550882,test001,OFF-SU,Supplies,86.5906,8/1/2018,86.5906
550878,test001,OFF-SU,Supplies,878.5809,9/1/2018,878.5809
550973,test001,OFF-SU,Supplies,94.829,10/1/2018,94.829
550870,test001,OFF-SU,Supplies,88.084,11/1/2018,88.084
551209,test001,OFF-SU,Supplies,36.1076,12/1/2018,36.1076
551079,test001,OFF-SU,Supplies,24.4245,2/1/2019,24.4245
551326,test001,OFF-SU,Supplies,8495.6619,3/1/2019,8495.6619
551509,test001,OFF-SU,Supplies,1000.217,4/1/2019,1000.217
551095,test001,OFF-SU,Supplies,180.0915,5/1/2019,180.0915
551470,test001,OFF-SU,Supplies,1071.8565,6/1/2019,1071.8565
550976,test001,OFF-SU,Supplies,228.76,7/1/2019,228.76
550889,test001,OFF-SU,Supplies,389.4354,8/1/2019,389.4354
551381,test001,OFF-SU,Supplies,87.8845,9/1/2019,87.8845
551071,test001,OFF-SU,Supplies,122.1472,10/1/2019,122.1472
551459,test001,OFF-SU,Supplies,376.8897,11/1/2019,376.8897
550795,test001,OFF-SU,Supplies,3106.5304,12/1/2019,3106.5304
551435,test001,OFF-SU,Supplies,8197.379,1/1/2020,8197.379
551260,test001,OFF-SU,Supplies,60.7924,2/1/2020,60.7924
551186,test001,OFF-SU,Supplies,3248.5744,3/1/2020,3248.5744
550871,test001,OFF-SU,Supplies,1707.2412,4/1/2020,1707.2412
551231,test001,OFF-SU,Supplies,699.4356,5/1/2020,699.4356
551133,test001,OFF-SU,Supplies,210.3566,6/1/2020,210.3566
551265,test001,OFF-SU,Supplies,529.4464,7/1/2020,529.4464
551257,test001,OFF-SU,Supplies,415.093,8/1/2020,415.093
551273,test001,OFF-SU,Supplies,9549.8712,9/1/2020,9549.8712
551808,test001,OFF-SU,Supplies,1273.371949,10/1/2020,1027.522134
551809,test001,OFF-SU,Supplies,1253.315761,11/1/2020,587.6416833
551810,test001,OFF-SU,Supplies,1907.358912,12/1/2020,801.0405152
551811,test001,OFF-SU,Supplies,3095.536383,1/1/2021,669.3875735
551812,test001,OFF-SU,Supplies,1164.965236,2/1/2021,152.5206449
551813,test001,OFF-SU,Supplies,1898.333378,3/1/2021,916.2457959
551814,test001,OFF-SU,Supplies,1882.024034,4/1/2021,720.4337022
551815,test001,OFF-SU,Supplies,1313.389076,5/1/2021,354.8764936
551816,test001,OFF-SU,Supplies,1202.893209,6/1/2021,314.1827826
551817,test001,OFF-SU,Supplies,1957.721225,7/1/2021,977.3874181
551818,test001,OFF-SU,Supplies,1260.595777,8/1/2021,303.1163942
551819,test001,OFF-SU,Supplies,3392.741255,9/1/2021,464.4540834
551820,test001,OFF-SU,Supplies,1764.635566,10/1/2021,498.7408139
551821,test001,OFF-SU,Supplies,1744.579378,11/1/2021,384.2000691
551822,test001,OFF-SU,Supplies,2398.622529,12/1/2021,422.5241938
551823,test001,OFF-SU,Supplies,3586.800001,1/1/2022,426.0133464
551824,test001,OFF-SU,Supplies,1656.228854,2/1/2022,385.5325864
551825,test001,OFF-SU,Supplies,2389.596995,3/1/2022,421.4124309
551826,test001,OFF-SU,Supplies,2373.287652,4/1/2022,350.9170309
551827,test001,OFF-SU,Supplies,1804.652693,5/1/2022,401.5625569
551828,test001,OFF-SU,Supplies,1694.156827,6/1/2022,416.1408866
551829,test001,OFF-SU,Supplies,2448.984843,7/1/2022,281.2219452
551830,test001,OFF-SU,Supplies,1751.859395,8/1/2022,406.4700778
551831,test001,OFF-SU,Supplies,3884.004873,9/1/2022,407.0191296
551467,test001,FUR-TA,Tables,316.35,1/1/2017,316.35
551457,test001,FUR-TA,Tables,1551.09255,2/1/2017,1551.09255
551292,test001,FUR-TA,Tables,5982.84445,3/1/2017,5982.84445
551234,test001,FUR-TA,Tables,3269.5447,4/1/2017,3269.5447
551055,test001,FUR-TA,Tables,1726.03695,5/1/2017,1726.03695
551288,test001,FUR-TA,Tables,5279.91095,6/1/2017,5279.91095
551503,test001,FUR-TA,Tables,1962.5252,7/1/2017,1962.5252
551076,test001,FUR-TA,Tables,2791.166975,8/1/2017,2791.166975
551233,test001,FUR-TA,Tables,4381.2765,9/1/2017,4381.2765
551002,test001,FUR-TA,Tables,4349.8904,10/1/2017,4349.8904
550986,test001,FUR-TA,Tables,4308.10085,11/1/2017,4308.10085
551087,test001,FUR-TA,Tables,7865.2077,12/1/2017,7865.2077
551445,test001,FUR-TA,Tables,5147.2767,1/1/2018,5147.2767
550839,test001,FUR-TA,Tables,1251.1443,2/1/2018,1251.1443
551003,test001,FUR-TA,Tables,3387.358,3/1/2018,3387.358
550854,test001,FUR-TA,Tables,2218.420525,4/1/2018,2218.420525
550806,test001,FUR-TA,Tables,231.8057,5/1/2018,231.8057
551350,test001,FUR-TA,Tables,756.60375,6/1/2018,756.60375
551015,test001,FUR-TA,Tables,3158.59705,7/1/2018,3158.59705
551261,test001,FUR-TA,Tables,2196.2917,8/1/2018,2196.2917
551069,test001,FUR-TA,Tables,3674.8527,9/1/2018,3674.8527
550890,test001,FUR-TA,Tables,3299.692475,10/1/2018,3299.692475
551190,test001,FUR-TA,Tables,6443.898925,11/1/2018,6443.898925
550915,test001,FUR-TA,Tables,5426.9605,12/1/2018,5426.9605
550912,test001,FUR-TA,Tables,2578.74555,1/1/2019,2578.74555
551142,test001,FUR-TA,Tables,1847.51345,2/1/2019,1847.51345
550906,test001,FUR-TA,Tables,2443.28695,3/1/2019,2443.28695
551496,test001,FUR-TA,Tables,2082.7287,4/1/2019,2082.7287
550967,test001,FUR-TA,Tables,4280.2535,5/1/2019,4280.2535
551016,test001,FUR-TA,Tables,5987.22775,6/1/2019,5987.22775
551025,test001,FUR-TA,Tables,3128.5476,7/1/2019,3128.5476
551352,test001,FUR-TA,Tables,5907.984925,8/1/2019,5907.984925
550998,test001,FUR-TA,Tables,5679.29665,9/1/2019,5679.29665
551244,test001,FUR-TA,Tables,1681.671,10/1/2019,1681.671
551068,test001,FUR-TA,Tables,8687.2769,11/1/2019,8687.2769
551344,test001,FUR-TA,Tables,17127.41035,12/1/2019,17127.41035
551272,test001,FUR-TA,Tables,4724.2303,1/1/2020,4724.2303
550826,test001,FUR-TA,Tables,2515.296,2/1/2020,2515.296
551207,test001,FUR-TA,Tables,5488.9176,3/1/2020,5488.9176
550930,test001,FUR-TA,Tables,5388.56435,4/1/2020,5388.56435
550979,test001,FUR-TA,Tables,2694.1848,5/1/2020,2694.1848
550916,test001,FUR-TA,Tables,7122.0018,6/1/2020,7122.0018
551189,test001,FUR-TA,Tables,5246.3541,7/1/2020,5246.3541
551156,test001,FUR-TA,Tables,9333.4688,8/1/2020,9333.4688
551067,test001,FUR-TA,Tables,8974.7697,9/1/2020,8974.7697
551592,test001,FUR-TA,Tables,4468.937192,10/1/2020,4916.901792
551593,test001,FUR-TA,Tables,4444.374749,11/1/2020,4879.874311
551594,test001,FUR-TA,Tables,7017.640015,12/1/2020,7463.841655
551595,test001,FUR-TA,Tables,5250.702542,1/1/2021,5255.003447
551596,test001,FUR-TA,Tables,2814.298536,2/1/2021,1583.229737
551597,test001,FUR-TA,Tables,4266.961768,3/1/2021,2735.798488
551598,test001,FUR-TA,Tables,2269.339872,4/1/2021,642.4692121
551599,test001,FUR-TA,Tables,2090.774965,5/1/2021,852.5906971
551600,test001,FUR-TA,Tables,2384.22016,6/1/2021,-71.99017325
551601,test001,FUR-TA,Tables,2259.915157,7/1/2021,653.5594941
551602,test001,FUR-TA,Tables,2530.780952,8/1/2021,334.8254057
551603,test001,FUR-TA,Tables,2507.008848,9/1/2021,362.7985943
551604,test001,FUR-TA,Tables,2504.563681,10/1/2021,295.8067426
551605,test001,FUR-TA,Tables,2501.308022,11/1/2021,301.5819269
551606,test001,FUR-TA,Tables,3860.56369,12/1/2021,881.1913575
551607,test001,FUR-TA,Tables,3268.840345,1/1/2022,880.6640594
551608,test001,FUR-TA,Tables,2636.997366,2/1/2022,1833.427476
551609,test001,FUR-TA,Tables,3245.386379,3/1/2022,2934.686704
551610,test001,FUR-TA,Tables,2966.575326,4/1/2022,1689.741823
551611,test001,FUR-TA,Tables,2566.113632,5/1/2022,1293.330541
551612,test001,FUR-TA,Tables,3224.2136,6/1/2022,3037.627602
551613,test001,FUR-TA,Tables,2945.438824,7/1/2022,1668.819104
551614,test001,FUR-TA,Tables,3552.900708,8/1/2022,2270.136903
551615,test001,FUR-TA,Tables,3499.587785,9/1/2022,2217.363205
